{"0.001": {"loss": [1.6117859600145188, 1.22571445243133, 1.0518086343775015, 0.9472043832854542, 0.8695213555375023, 0.7936968384191508, 0.7586072637601886, 0.7020079473705243, 0.6771416937756112, 0.645128792051769], "accuracy": [41.1, 56.158, 62.786, 66.828, 69.696, 72.256, 73.66, 75.73, 76.412, 77.696]}, "0.0001": {"loss": [1.862619814055655, 1.5548489776718648, 1.4168955837674153, 1.3170082700222046, 1.2331310583807318, 1.1596552481126907, 1.0967616047090887, 1.0472973931171095, 0.9951613104861715, 0.95214825319817], "accuracy": [31.852, 42.856, 48.428, 52.216, 55.286, 58.15, 60.388, 62.582, 64.352, 65.87]}, "0.01": {"loss": [2.1427899376510657, 1.641789918360503, 1.3863368540468728, 1.1968970495416684, 1.0599821837966705, 0.9734208567063217, 0.8911484646065461, 0.8224623367914459, 0.7716423808918584, 0.731823729279706], "accuracy": [23.926, 39.466, 49.256, 56.87, 62.464, 65.418, 68.634, 71.278, 73.172, 74.712]}}