{"0.001": {"loss": [1.5427690354149666, 1.1769780637053273, 1.0221165795155498, 0.918314019127575, 0.8381408948422698, 0.783302438381078, 0.7382761308604189, 0.6894058665198743, 0.6684131854787811, 0.6301531742905717], "accuracy": [43.626, 57.8, 63.814, 67.776, 70.598, 72.44, 74.354, 76.014, 76.75, 77.938]}, "0.0001": {"loss": [1.7484366183390703, 1.4565138396094828, 1.3205142798631087, 1.228379545461796, 1.159150850894811, 1.0899473727511628, 1.038359952704681, 0.9895714899463117, 0.9467203583558808, 0.9089661255821853], "accuracy": [35.858, 46.664, 51.874, 55.472, 58.182, 60.88, 62.444, 64.618, 66.066, 67.466]}, "0.01": {"loss": [1.9503255186178494, 1.4921309472349904, 1.2915969702898693, 1.1267878196733383, 1.0084055189586356, 0.9252113131306056, 0.8558841480318543, 0.8026012587730232, 0.7595663302389862, 0.71739180145971], "accuracy": [29.99, 45.126, 53.004, 59.552, 64.308, 67.39, 69.86, 72.012, 73.284, 75.166]}}