{"0.001": {"loss": [1.893684089336249, 1.7415322693412567, 1.8206861967320942, 1.623213936910605, 1.724779920809714, 1.5995078099048352, 1.4902106694248327, 1.3252866993779722, 1.3701087829402037, 1.2239576509541563], "accuracy": [33.546, 39.256, 35.206, 43.388, 40.464, 43.688, 47.498, 53.03, 52.486, 57.208]}, "0.0001": {"loss": [2.1888664427315794, 1.9523460779653485, 1.811566740045767, 1.7148694461568847, 1.6340044654543748, 1.5683155245793141, 1.515567767650575, 1.4604988875596419, 1.4094376164629026, 1.3644957700958642], "accuracy": [19.72, 27.892, 33.062, 36.562, 39.664, 42.52, 44.534, 46.736, 48.436, 50.362]}, "0.01": {"loss": [2.7090123955855896, 1.7382352160065986, 1.5091674111383346, 1.3546084744850997, 1.2399639529950173, 1.1243594985483858, 1.0722381233254357, 0.9839732093579324, 0.927043955801698, 0.8812607616719688], "accuracy": [21.166, 34.788, 43.926, 50.61, 55.024, 59.914, 61.69, 65.148, 67.09, 69.346]}}