{"0.001": {"loss": [2.183772699912186, 2.0337616784493333, 1.8545892644111457, 1.760617439094407, 1.6206331704278736, 1.7198820254381966, 1.557290708317476, 1.4827516396027391, 1.6020388728212518, 1.4612018601668766], "accuracy": [24.328, 28.206, 34.334, 37.296, 43.316, 39.546, 45.734, 48.954, 43.68, 49.1]}, "0.0001": {"loss": [2.3251412103852958, 2.140957503367568, 2.0139322366251053, 1.9191081533041756, 1.8436117382610546, 1.7652659318636141, 1.709650973224884, 1.654894552572304, 1.6058938457532916, 1.5686625041010436], "accuracy": [14.61, 20.634, 25.42, 28.784, 31.734, 34.794, 36.834, 38.87, 40.848, 41.992]}, "0.01": {"loss": [2.850392973331539, 1.9512369852236775, 1.7621794015245364, 1.6016202982124466, 1.4336304417656511, 1.2685403509822952, 1.1796593685894061, 1.0851496669947338, 0.9958703860907299, 0.960339173636473], "accuracy": [13.99, 23.64, 31.318, 39.568, 47.136, 54.326, 57.548, 61.316, 64.686, 66.216]}}