{"0.001": {"loss": [2.4683030084575837, 2.3027582607610757, 2.302717007639463, 2.3027076593140507, 2.30270423242808, 2.302709978864626, 2.3027175003305422, 2.302723037617286, 2.3027053800080437, 2.302669480633553], "accuracy": [9.86, 9.63, 9.912, 9.786, 9.726, 9.616, 9.936, 9.846, 9.778, 10.012]}, "0.0001": {"loss": [1.9646258848097624, 1.6184831433893774, 1.3662436484070994, 1.1995556532879315, 1.0827945030253867, 0.9832993776292143, 0.9106431037873564, 0.837946958706507, 0.7830890170905901, 0.7380507235484355], "accuracy": [19.672, 36.3, 49.034, 56.498, 61.564, 65.532, 68.23, 70.92, 72.93, 74.648]}, "0.01": {"loss": [18130605527.153446, 2.649818366750732, 2.3054432100652122, 82431968010.8398, 15927.638334955402, 1165.9016614332224, 2721.92236784596, 7.602630076810832, 10.480432141467434, 3.7892570196820037], "accuracy": [9.892, 9.94, 9.572, 9.918, 9.842, 10.208, 9.926, 9.77, 10.012, 10.142]}}