{"0.001": {"loss": [2.1561382957126782, 1.552691926736661, 1.2573343748631685, 1.060954495616581, 0.9486727452339114, 0.8690129465154369, 0.8109805341571799, 0.7712082241654701, 0.7245951252977562, 0.7001450119725884], "accuracy": [22.632, 40.664, 54.634, 62.664, 67.296, 70.526, 72.878, 74.348, 76.026, 77.134]}, "0.0001": {"loss": [1.7971787553309175, 1.3771350435588672, 1.1889084588231333, 1.0680879570943924, 0.9699284568467104, 0.8911003101512295, 0.8213122698961927, 0.7554870453636969, 0.7052427541721812, 0.6725686848773371], "accuracy": [31.242, 49.4, 57.086, 61.922, 65.624, 68.588, 71.228, 73.688, 75.186, 76.6]}, "0.01": {"loss": [3902635.5346546723, 2.3030999347072125, 2.3032168299340836, 2.3032741229552443, 2.3033275829861535, 2.3031622436650268, 2.3032655533012525, 2.303283759090297, 2.3033725770233233, 2.303189268502433], "accuracy": [9.958, 9.886, 9.608, 9.772, 9.948, 10.21, 9.884, 9.794, 10.066, 10.122]}}