{"0.001": {"loss": [2.494221297676301, 2.3027845648548486, 2.3027257309545335, 2.3027221363828616, 2.30268761873855, 2.3027092203154895, 2.3026922505225063, 2.3027251437496954, 2.3027361402731112, 2.3026858595631006], "accuracy": [9.838, 9.788, 9.786, 9.866, 9.802, 9.82, 9.98, 9.758, 9.598, 10.116]}, "0.0001": {"loss": [1.878100904967169, 1.514369324345113, 1.287792645299526, 1.1366339540847428, 1.0206958093606602, 0.9339206035789627, 0.858042735272966, 0.7967127448762469, 0.7435142745447281, 0.6950155912762712], "accuracy": [26.582, 42.39, 52.904, 59.176, 63.548, 66.866, 69.86, 72.436, 74.214, 75.9]}, "0.01": {"loss": [77132024.247193, 2.3050614982614737, 2.3039021028582094, 2.303491864362946, 2.303573269978204, 2.3033268933405964, 2.3039412022856496, 2.3069578729322195, 2.3063057847035204, 2.3104104617672503], "accuracy": [9.928, 9.924, 9.616, 9.916, 9.894, 10.218, 9.898, 9.84, 10.06, 9.932]}}