{"0.001": {"loss": [1.9949654316353371, 1.5281944869424375, 1.2875377325450672, 1.1070632522978137, 0.9933830888374992, 0.9176637306237769, 0.8771897741900686, 0.8092584626753921, 0.7870889112467656, 0.7603798722062269], "accuracy": [25.618, 42.162, 53.824, 61.248, 65.612, 68.308, 70.018, 72.814, 73.584, 74.796]}, "0.0001": {"loss": [1.7364032606944404, 1.3464968573406835, 1.1630234236607466, 1.0408424010971928, 0.9535074267545929, 0.8727795724063883, 0.8136218777093132, 0.7534235022257051, 0.7168728460741165, 0.6730215920664161], "accuracy": [33.296, 50.534, 58.076, 62.874, 66.248, 69.288, 71.546, 73.58, 74.89, 76.58]}, "0.01": {"loss": [85961.68517242429, 2.3033204176236906, 2.303340444784335, 2.303312203463386, 2.303384907715156, 2.3032095950582754, 2.303291477510691, 2.303362704908756, 2.3033973780434454, 2.3032002022199314], "accuracy": [9.802, 9.86, 9.644, 9.852, 9.902, 10.242, 9.884, 9.832, 10.066, 10.106]}}